               epoch,      train/box_loss,      train/obj_loss,      train/cls_loss,   metrics/precision,      metrics/recall,     metrics/mAP_0.5,metrics/mAP_0.5:0.95,        val/box_loss,        val/obj_loss,        val/cls_loss,               x/lr0,               x/lr1,               x/lr2
                   0,             0.13371,            0.018128,            0.017852,                   0,                   0,                   0,                   0,             0.11638,            0.016751,            0.020973,               0.091,               0.001,               0.001
                   1,             0.11538,             0.01593,            0.016442,                   0,                   0,                   0,                   0,            0.094738,            0.016281,            0.019871,            0.081094,           0.0020937,           0.0020937
                   2,             0.10921,             0.01517,            0.016663,           0.0076923,                   1,             0.04975,            0.004975,             0.10017,            0.012823,            0.016765,            0.071181,           0.0031808,           0.0031808
                   3,             0.10472,            0.015337,            0.016373,                   0,                   0,                   0,                   0,            0.093267,            0.013779,            0.016857,            0.061261,           0.0042613,           0.0042613
                   4,            0.089582,            0.014231,            0.014943,                   0,                   0,                   0,                   0,            0.088139,            0.014975,            0.015729,            0.051335,           0.0053352,           0.0053352
                   5,            0.086239,            0.015483,             0.01534,                   0,                   0,                   0,                   0,            0.078588,            0.014521,            0.015516,            0.041403,           0.0064025,           0.0064025
                   6,            0.076737,            0.014259,            0.015122,           0.0071429,                   1,               0.995,             0.10261,            0.064781,            0.015114,            0.015828,            0.031463,           0.0074632,           0.0074632
                   7,            0.074679,            0.015993,            0.015486,           0.0075188,                   1,             0.16583,             0.04975,            0.064776,            0.014494,            0.015879,            0.021517,           0.0085173,           0.0085173
                   8,            0.071416,            0.015215,            0.015434,            0.006993,                   1,             0.04975,            0.014925,            0.057577,            0.015584,            0.016296,            0.011565,           0.0095648,           0.0095648
                   9,            0.068614,            0.015104,             0.01525,           0.0064103,                   1,              0.4975,             0.10394,            0.065664,            0.014903,            0.013781,             0.00973,             0.00973,             0.00973
                  10,             0.07026,            0.014886,            0.015548,             0.00625,                   1,            0.058529,            0.020212,            0.073425,            0.013357,            0.012916,             0.00973,             0.00973,             0.00973
                  11,             0.05984,            0.015808,            0.015478,           0.0062893,                   1,             0.24875,             0.12437,            0.060761,            0.014417,            0.013048,              0.0097,              0.0097,              0.0097
                  12,            0.060623,            0.012845,            0.014468,           0.0061728,                   1,               0.199,             0.04359,            0.070604,            0.012743,            0.013068,             0.00967,             0.00967,             0.00967
                  13,            0.055973,            0.018256,            0.015233,            0.031843,                   1,             0.24875,             0.14925,            0.052057,            0.015149,            0.014095,             0.00964,             0.00964,             0.00964
                  14,            0.053056,            0.016001,            0.015173,             0.16681,                   1,             0.33167,             0.26533,            0.043565,            0.016016,             0.01511,             0.00961,             0.00961,             0.00961
                  15,             0.05654,            0.014855,            0.014999,           0.0057803,                   1,            0.076538,            0.025213,             0.04777,            0.014903,            0.015557,             0.00958,             0.00958,             0.00958
                  16,            0.052028,            0.014109,            0.015268,           0.0061728,                   1,              0.4975,             0.20522,            0.039904,            0.015819,            0.015472,             0.00955,             0.00955,             0.00955
                  17,            0.050083,            0.013148,             0.01524,           0.0064516,                   1,               0.995,              0.4975,            0.043105,            0.014879,            0.014949,             0.00952,             0.00952,             0.00952
                  18,            0.049171,            0.013108,            0.014682,            0.050267,                   1,             0.33167,             0.17413,            0.033297,            0.015178,            0.014214,             0.00949,             0.00949,             0.00949
                  19,            0.044946,            0.013477,            0.014186,             0.25523,                   1,              0.4975,              0.2985,            0.037183,            0.014817,            0.012938,             0.00946,             0.00946,             0.00946
                  20,            0.048661,            0.014271,            0.014423,             0.16122,                   1,             0.33167,             0.26533,            0.030845,            0.015392,            0.012109,             0.00943,             0.00943,             0.00943
                  21,            0.045096,             0.01393,            0.013995,              0.2883,                   1,             0.33167,             0.23217,             0.03587,            0.015245,            0.011331,              0.0094,              0.0094,              0.0094
                  22,            0.044949,            0.012763,            0.013976,             0.26591,                   1,              0.4975,             0.28192,             0.03338,            0.015162,            0.011076,             0.00937,             0.00937,             0.00937
                  23,            0.044051,            0.012613,            0.013063,             0.43495,                   1,              0.4975,              0.2985,            0.025149,            0.015047,            0.010831,             0.00934,             0.00934,             0.00934
                  24,            0.044256,            0.011737,            0.012859,             0.44872,                   1,              0.4975,              0.2985,            0.034603,            0.014118,            0.010052,             0.00931,             0.00931,             0.00931
                  25,            0.043616,            0.011056,            0.012462,             0.41575,                   1,              0.4975,               0.199,            0.037675,            0.014215,           0.0083762,             0.00928,             0.00928,             0.00928
                  26,             0.04458,            0.012018,            0.011888,             0.48401,                   1,               0.995,             0.40422,            0.033797,            0.013007,           0.0083139,             0.00925,             0.00925,             0.00925
                  27,            0.041664,            0.011524,            0.011242,             0.46627,                   1,              0.4975,             0.24875,            0.028361,            0.013092,           0.0085217,             0.00922,             0.00922,             0.00922
                  28,            0.041329,            0.011596,            0.011581,              0.4924,                   1,               0.995,               0.796,            0.033045,            0.012481,           0.0081976,             0.00919,             0.00919,             0.00919
                  29,            0.040469,            0.011065,            0.011089,             0.41503,                   1,              0.4975,             0.14925,            0.042297,            0.014187,           0.0079587,             0.00916,             0.00916,             0.00916
                  30,            0.041715,           0.0097765,            0.010631,             0.31233,                   1,             0.33167,             0.16583,            0.034071,            0.016072,           0.0078607,             0.00913,             0.00913,             0.00913
                  31,            0.044949,            0.009828,            0.010873,              0.4654,                   1,              0.4975,             0.24875,            0.035768,            0.016291,           0.0068243,              0.0091,              0.0091,              0.0091
                  32,            0.038574,           0.0092133,           0.0094128,             0.45363,                   1,              0.4975,             0.24875,            0.029806,            0.014321,             0.00673,             0.00907,             0.00907,             0.00907
                  33,            0.039198,           0.0096235,           0.0093194,             0.47339,             0.94678,              0.4975,             0.34825,            0.032411,            0.015488,           0.0058502,             0.00904,             0.00904,             0.00904
                  34,            0.041753,           0.0094862,           0.0088421,             0.45979,                   1,              0.4975,             0.34825,            0.033788,            0.014112,           0.0053183,             0.00901,             0.00901,             0.00901
                  35,             0.04207,           0.0083081,           0.0089677,             0.46328,                   1,               0.995,              0.4975,            0.039114,            0.012417,           0.0049731,             0.00898,             0.00898,             0.00898
                  36,            0.042828,           0.0081143,           0.0078544,             0.81808,                   1,               0.995,               0.597,            0.037863,            0.012134,           0.0045547,             0.00895,             0.00895,             0.00895
                  37,            0.042513,           0.0087973,           0.0077015,             0.93415,                   1,               0.995,              0.6965,             0.04355,            0.010825,           0.0041936,             0.00892,             0.00892,             0.00892
                  38,            0.042276,           0.0076653,           0.0078287,             0.94331,                   1,               0.995,               0.597,             0.02911,            0.011378,           0.0043552,             0.00889,             0.00889,             0.00889
                  39,            0.042935,           0.0091339,           0.0077914,             0.94999,                   1,               0.995,              0.6965,              0.0342,            0.010669,           0.0047997,             0.00886,             0.00886,             0.00886
                  40,            0.039125,           0.0085303,           0.0079477,             0.93381,                   1,               0.995,               0.597,            0.023622,            0.011407,           0.0060031,             0.00883,             0.00883,             0.00883
                  41,            0.037728,           0.0083541,            0.007126,             0.88988,                   1,               0.995,              0.6965,            0.026523,              0.0116,           0.0070432,              0.0088,              0.0088,              0.0088
                  42,            0.036555,           0.0083371,           0.0072243,             0.89749,                   1,               0.995,             0.42011,            0.034925,            0.010721,           0.0063748,             0.00877,             0.00877,             0.00877
                  43,            0.039724,             0.00691,           0.0064046,              0.9266,                   1,               0.995,               0.597,            0.026234,            0.010548,           0.0049612,             0.00874,             0.00874,             0.00874
                  44,            0.037776,            0.008524,           0.0059622,             0.94138,                   1,               0.995,              0.6965,            0.032898,           0.0095009,           0.0036255,             0.00871,             0.00871,             0.00871
                  45,            0.036786,           0.0081972,           0.0053033,             0.95154,                   1,               0.995,               0.398,            0.032118,           0.0090322,           0.0027296,             0.00868,             0.00868,             0.00868
                  46,            0.037841,           0.0078827,            0.005204,             0.94646,                   1,               0.995,               0.398,             0.02497,           0.0097746,           0.0029837,             0.00865,             0.00865,             0.00865
                  47,            0.037707,           0.0081954,           0.0055069,             0.95409,                   1,               0.995,              0.6965,            0.021829,           0.0091164,           0.0039441,             0.00862,             0.00862,             0.00862
                  48,            0.032867,           0.0074983,           0.0051498,             0.96237,                   1,               0.995,               0.597,            0.024322,            0.008836,           0.0033609,             0.00859,             0.00859,             0.00859
                  49,            0.033716,           0.0072832,           0.0052357,             0.95874,                   1,               0.995,              0.6965,            0.021335,           0.0093313,           0.0031998,             0.00856,             0.00856,             0.00856
                  50,            0.036028,           0.0078802,           0.0052323,             0.95809,                   1,               0.995,               0.597,            0.023538,           0.0094622,           0.0029773,             0.00853,             0.00853,             0.00853
                  51,            0.034921,           0.0070235,           0.0047758,             0.96168,                   1,               0.995,               0.597,            0.024082,           0.0086224,           0.0022925,              0.0085,              0.0085,              0.0085
                  52,            0.034916,           0.0070231,           0.0044497,             0.95975,                   1,               0.995,               0.597,            0.026163,           0.0087852,           0.0024033,             0.00847,             0.00847,             0.00847
                  53,            0.035307,           0.0072779,           0.0043133,             0.96011,                   1,               0.995,              0.6965,            0.020749,            0.010326,           0.0027095,             0.00844,             0.00844,             0.00844
                  54,            0.033026,           0.0063351,           0.0039891,             0.95799,                   1,               0.995,               0.597,            0.028411,           0.0089134,           0.0022806,             0.00841,             0.00841,             0.00841
                  55,            0.034599,           0.0068521,             0.00412,             0.95732,                   1,               0.995,               0.597,            0.029068,            0.008087,           0.0020567,             0.00838,             0.00838,             0.00838
                  56,            0.036274,           0.0067816,           0.0046696,             0.96177,                   1,               0.995,               0.796,            0.026182,           0.0077105,           0.0019409,             0.00835,             0.00835,             0.00835
                  57,            0.032879,           0.0066487,           0.0045997,             0.96301,                   1,               0.995,              0.6965,            0.029218,           0.0076597,           0.0020425,             0.00832,             0.00832,             0.00832
                  58,            0.032718,           0.0064811,           0.0037453,             0.96613,                   1,               0.995,               0.597,             0.03138,            0.007115,           0.0019482,             0.00829,             0.00829,             0.00829
                  59,            0.033072,           0.0063655,           0.0032784,             0.96354,                   1,               0.995,               0.597,            0.025936,           0.0075583,           0.0021643,             0.00826,             0.00826,             0.00826
                  60,            0.033243,           0.0063511,           0.0037689,             0.96255,                   1,               0.995,               0.796,            0.022401,           0.0074675,           0.0022618,             0.00823,             0.00823,             0.00823
                  61,            0.036592,           0.0065029,           0.0039225,             0.96225,                   1,               0.995,              0.6965,            0.018365,            0.007844,           0.0022375,              0.0082,              0.0082,              0.0082
                  62,            0.031963,           0.0064963,            0.004257,             0.96287,                   1,               0.995,               0.597,            0.021762,           0.0076517,           0.0023158,             0.00817,             0.00817,             0.00817
                  63,            0.036001,           0.0062182,           0.0037654,              0.9608,                   1,               0.995,              0.6965,             0.02366,           0.0076904,           0.0025854,             0.00814,             0.00814,             0.00814
                  64,            0.032363,           0.0063809,           0.0033294,             0.96483,                   1,               0.995,              0.6965,            0.022543,           0.0074301,           0.0022641,             0.00811,             0.00811,             0.00811
                  65,            0.032668,           0.0059585,           0.0034906,             0.96857,                   1,               0.995,              0.6965,            0.021843,             0.00688,            0.001582,             0.00808,             0.00808,             0.00808
                  66,            0.031347,            0.006651,           0.0027486,             0.96635,                   1,               0.995,               0.398,            0.025236,           0.0067225,           0.0016125,             0.00805,             0.00805,             0.00805
                  67,            0.032704,           0.0057351,           0.0036636,              0.9669,                   1,               0.995,               0.597,            0.032242,           0.0064915,           0.0021602,             0.00802,             0.00802,             0.00802
                  68,            0.032285,           0.0060499,           0.0038656,             0.96635,                   1,               0.995,              0.6965,            0.027343,           0.0066597,           0.0024019,             0.00799,             0.00799,             0.00799
                  69,            0.033513,           0.0061712,           0.0038015,             0.96502,                   1,               0.995,               0.597,            0.025821,            0.006661,           0.0023332,             0.00796,             0.00796,             0.00796
                  70,            0.032267,           0.0067242,           0.0037899,             0.96679,                   1,               0.995,              0.6965,            0.023174,            0.006617,           0.0022179,             0.00793,             0.00793,             0.00793
                  71,            0.031511,           0.0064638,           0.0033007,             0.96722,                   1,               0.995,               0.796,            0.020348,           0.0065255,           0.0022163,              0.0079,              0.0079,              0.0079
                  72,            0.030696,           0.0059759,           0.0029752,             0.96897,                   1,               0.995,               0.597,            0.023323,           0.0067919,           0.0020528,             0.00787,             0.00787,             0.00787
                  73,            0.033717,           0.0059084,            0.003001,               0.969,                   1,               0.995,               0.796,            0.024855,           0.0061964,           0.0015369,             0.00784,             0.00784,             0.00784
                  74,            0.031225,           0.0056901,            0.003346,             0.96904,                   1,               0.995,               0.796,            0.027221,           0.0059921,           0.0013742,             0.00781,             0.00781,             0.00781
                  75,            0.033266,           0.0063102,           0.0031255,             0.96858,                   1,               0.995,              0.4975,            0.027507,           0.0063366,           0.0016335,             0.00778,             0.00778,             0.00778
                  76,            0.032165,           0.0058321,           0.0031013,             0.96678,                   1,               0.995,               0.597,             0.03306,           0.0057838,           0.0017187,             0.00775,             0.00775,             0.00775
                  77,            0.030775,           0.0062625,           0.0030041,              0.9686,                   1,               0.995,              0.6965,            0.024194,           0.0056764,           0.0014719,             0.00772,             0.00772,             0.00772
                  78,            0.029677,           0.0062357,           0.0027778,             0.96941,                   1,               0.995,              0.6965,            0.023968,           0.0056303,           0.0013202,             0.00769,             0.00769,             0.00769
                  79,            0.030536,           0.0055604,           0.0026854,             0.96294,                   1,               0.995,               0.597,            0.028463,           0.0061457,           0.0017741,             0.00766,             0.00766,             0.00766
                  80,             0.03038,           0.0053046,           0.0025645,             0.96381,                   1,               0.995,              0.6965,            0.022488,           0.0063099,            0.001628,             0.00763,             0.00763,             0.00763
                  81,             0.03059,           0.0055439,           0.0029771,             0.96713,                   1,               0.995,               0.597,            0.028169,           0.0058326,           0.0013902,              0.0076,              0.0076,              0.0076
                  82,             0.02857,           0.0057397,            0.002681,              0.9681,                   1,               0.995,               0.597,            0.019545,           0.0059895,           0.0011729,             0.00757,             0.00757,             0.00757
                  83,            0.031136,           0.0057253,           0.0032778,             0.96742,                   1,               0.995,               0.796,            0.023008,           0.0058506,           0.0012909,             0.00754,             0.00754,             0.00754
                  84,            0.028432,           0.0061454,           0.0028875,             0.96786,                   1,               0.995,               0.796,            0.023572,           0.0058559,           0.0014092,             0.00751,             0.00751,             0.00751
                  85,            0.029696,           0.0065577,           0.0025563,             0.96938,                   1,               0.995,               0.597,             0.02338,           0.0062204,           0.0015637,             0.00748,             0.00748,             0.00748
                  86,            0.028597,           0.0056916,           0.0025197,             0.96889,                   1,               0.995,              0.6965,            0.021309,           0.0059694,           0.0015807,             0.00745,             0.00745,             0.00745
                  87,            0.028081,           0.0056636,           0.0029112,             0.96459,                   1,               0.995,              0.6965,            0.019401,           0.0062151,           0.0018111,             0.00742,             0.00742,             0.00742
                  88,            0.030518,           0.0049338,           0.0029802,             0.96134,                   1,               0.995,              0.6965,            0.024862,            0.006131,           0.0019217,             0.00739,             0.00739,             0.00739
                  89,            0.030246,           0.0051754,           0.0028634,             0.96607,                   1,               0.995,              0.6965,            0.023455,           0.0058599,           0.0017747,             0.00736,             0.00736,             0.00736
                  90,            0.029621,           0.0055994,           0.0028876,             0.96881,                   1,               0.995,              0.6965,            0.028213,           0.0058065,           0.0015935,             0.00733,             0.00733,             0.00733
                  91,            0.031878,           0.0056731,           0.0029855,             0.97073,                   1,               0.995,               0.796,            0.021437,           0.0058786,           0.0014062,              0.0073,              0.0073,              0.0073
                  92,            0.031302,            0.004841,           0.0027403,             0.97106,                   1,               0.995,               0.796,            0.022318,           0.0055876,           0.0012934,             0.00727,             0.00727,             0.00727
                  93,             0.03165,           0.0048273,           0.0028931,             0.97134,                   1,               0.995,               0.796,            0.024046,           0.0052498,           0.0011197,             0.00724,             0.00724,             0.00724
                  94,            0.030616,            0.005302,           0.0024866,             0.97188,                   1,               0.995,               0.796,            0.025731,            0.005139,           0.0011559,             0.00721,             0.00721,             0.00721
                  95,            0.029315,           0.0055635,           0.0024386,             0.97186,                   1,               0.995,               0.597,            0.021778,           0.0055876,           0.0014367,             0.00718,             0.00718,             0.00718
                  96,            0.030491,           0.0052102,           0.0026131,             0.97139,                   1,               0.995,               0.597,            0.027676,           0.0052711,           0.0015669,             0.00715,             0.00715,             0.00715
                  97,            0.028701,           0.0052394,           0.0022628,             0.96947,                   1,               0.995,               0.796,            0.017728,           0.0055929,           0.0016825,             0.00712,             0.00712,             0.00712
                  98,            0.028073,           0.0062294,           0.0027488,             0.96975,                   1,               0.995,               0.597,            0.023803,           0.0053032,            0.001442,             0.00709,             0.00709,             0.00709
                  99,            0.028663,           0.0055724,           0.0024091,             0.96857,                   1,               0.995,               0.597,            0.024331,           0.0052031,           0.0014406,             0.00706,             0.00706,             0.00706
                 100,            0.028984,           0.0048968,           0.0024399,             0.96931,                   1,               0.995,              0.6965,            0.021672,           0.0053019,           0.0014138,             0.00703,             0.00703,             0.00703
                 101,            0.029694,           0.0052746,           0.0025573,             0.96838,                   1,               0.995,               0.597,            0.024709,           0.0051884,           0.0011108,               0.007,               0.007,               0.007
                 102,            0.027515,            0.005141,           0.0021896,             0.96667,                   1,               0.995,              0.6965,            0.027267,           0.0051136,          0.00086987,             0.00697,             0.00697,             0.00697
                 103,             0.02893,           0.0053912,           0.0030364,             0.96827,                   1,               0.995,              0.6965,            0.027632,            0.004936,          0.00095627,             0.00694,             0.00694,             0.00694
                 104,            0.029418,           0.0054281,            0.002387,             0.96757,                   1,               0.995,               0.796,             0.02031,           0.0051717,           0.0010577,             0.00691,             0.00691,             0.00691
                 105,            0.029326,           0.0049039,           0.0023164,             0.96683,                   1,               0.995,               0.796,            0.024045,           0.0051804,           0.0011774,             0.00688,             0.00688,             0.00688
                 106,            0.029188,           0.0051922,           0.0024643,             0.96881,                   1,               0.995,              0.6965,               0.021,           0.0051764,           0.0011177,             0.00685,             0.00685,             0.00685
                 107,            0.028789,           0.0050407,           0.0021493,             0.96894,                   1,               0.995,              0.8955,             0.01801,           0.0051824,           0.0011197,             0.00682,             0.00682,             0.00682
                 108,            0.028004,           0.0052194,           0.0018475,             0.96885,                   1,               0.995,              0.6965,            0.021109,           0.0051537,           0.0010593,             0.00679,             0.00679,             0.00679
                 109,            0.028719,           0.0057666,           0.0022278,             0.97079,                   1,               0.995,               0.796,            0.019141,           0.0050335,          0.00088737,             0.00676,             0.00676,             0.00676
                 110,            0.026406,           0.0048516,           0.0021574,             0.97077,                   1,               0.995,               0.796,            0.020865,           0.0050428,          0.00086346,             0.00673,             0.00673,             0.00673
                 111,            0.027346,           0.0053799,           0.0022881,             0.97166,                   1,               0.995,              0.8955,            0.017541,            0.005175,          0.00093647,              0.0067,              0.0067,              0.0067
                 112,            0.024978,           0.0049949,           0.0028023,                0.97,                   1,               0.995,               0.796,            0.017677,           0.0053259,           0.0011521,             0.00667,             0.00667,             0.00667
                 113,            0.027171,           0.0052255,           0.0025404,             0.97012,                   1,               0.995,               0.796,            0.021536,           0.0050869,           0.0010866,             0.00664,             0.00664,             0.00664
                 114,            0.024787,           0.0048949,            0.002825,             0.97062,                   1,               0.995,               0.796,            0.024904,           0.0047825,          0.00069843,             0.00661,             0.00661,             0.00661
                 115,            0.028187,           0.0053802,           0.0031093,             0.97184,                   1,               0.995,              0.6965,            0.018432,           0.0047291,          0.00071789,             0.00658,             0.00658,             0.00658
                 116,            0.027136,           0.0053544,           0.0027069,             0.97148,                   1,               0.995,              0.6965,            0.019948,           0.0047104,          0.00078827,             0.00655,             0.00655,             0.00655
                 117,             0.02679,           0.0053569,           0.0026339,             0.96999,                   1,               0.995,               0.796,            0.018636,           0.0047157,          0.00095844,             0.00652,             0.00652,             0.00652
                 118,            0.025954,            0.004945,           0.0020105,             0.96987,                   1,               0.995,               0.796,            0.020648,           0.0046223,          0.00095123,             0.00649,             0.00649,             0.00649
                 119,            0.027876,           0.0043276,           0.0022965,             0.97037,                   1,               0.995,               0.796,            0.017184,           0.0045849,          0.00088875,             0.00646,             0.00646,             0.00646
                 120,            0.028145,           0.0050812,           0.0023836,             0.97023,                   1,               0.995,               0.796,             0.02213,           0.0045662,          0.00087719,             0.00643,             0.00643,             0.00643
                 121,            0.027264,           0.0042544,           0.0014755,             0.97073,                   1,               0.995,              0.8955,             0.02023,           0.0043679,          0.00085819,              0.0064,              0.0064,              0.0064
                 122,            0.026265,           0.0047712,           0.0018372,             0.97166,                   1,               0.995,              0.8955,            0.018895,           0.0045101,          0.00078541,             0.00637,             0.00637,             0.00637
                 123,            0.025182,           0.0050508,            0.002086,             0.97036,                   1,               0.995,              0.6965,            0.019352,           0.0048346,          0.00085041,             0.00634,             0.00634,             0.00634
                 124,            0.025566,           0.0050343,           0.0022853,             0.96965,                   1,               0.995,               0.796,            0.018759,           0.0047878,          0.00091015,             0.00631,             0.00631,             0.00631
                 125,            0.025592,           0.0048351,           0.0027915,             0.97084,                   1,               0.995,              0.6965,            0.017447,           0.0046263,          0.00096817,             0.00628,             0.00628,             0.00628
                 126,            0.024683,           0.0053722,           0.0021315,             0.97111,                   1,               0.995,              0.8955,            0.015343,           0.0043339,           0.0010018,             0.00625,             0.00625,             0.00625
                 127,            0.026931,           0.0046719,           0.0019812,              0.9707,                   1,               0.995,              0.8955,            0.017625,           0.0043379,            0.001057,             0.00622,             0.00622,             0.00622
                 128,            0.026388,            0.005024,           0.0021223,              0.9688,                   1,               0.995,               0.796,            0.018298,           0.0046243,           0.0012133,             0.00619,             0.00619,             0.00619
                 129,            0.025768,           0.0051389,             0.00183,             0.96914,                   1,               0.995,               0.796,            0.021669,           0.0048566,           0.0012918,             0.00616,             0.00616,             0.00616
                 130,            0.024546,           0.0052122,            0.002491,             0.96963,                   1,               0.995,              0.8955,            0.014191,           0.0048199,           0.0012895,             0.00613,             0.00613,             0.00613
                 131,            0.026279,           0.0049941,           0.0019763,             0.96904,                   1,               0.995,              0.8955,            0.011418,           0.0050802,           0.0011927,              0.0061,              0.0061,              0.0061
                 132,            0.026725,           0.0048361,           0.0021585,             0.96811,                   1,               0.995,               0.796,            0.017596,           0.0050228,           0.0011786,             0.00607,             0.00607,             0.00607
                 133,            0.026332,           0.0054322,           0.0020858,             0.96795,                   1,               0.995,               0.796,            0.016726,           0.0048553,           0.0010494,             0.00604,             0.00604,             0.00604
                 134,            0.025717,           0.0052068,           0.0021686,             0.96921,                   1,               0.995,              0.8955,            0.018849,            0.004645,            0.001013,             0.00601,             0.00601,             0.00601
                 135,            0.023878,           0.0045214,           0.0014397,             0.97035,                   1,               0.995,              0.8955,            0.015956,           0.0044273,          0.00092915,             0.00598,             0.00598,             0.00598
                 136,            0.024026,           0.0042277,           0.0015729,             0.97052,                   1,               0.995,              0.8955,             0.01772,           0.0043546,          0.00093006,             0.00595,             0.00595,             0.00595
                 137,              0.0249,           0.0042399,           0.0016154,             0.97083,                   1,               0.995,               0.796,            0.021354,           0.0043612,          0.00088818,             0.00592,             0.00592,             0.00592
                 138,            0.025096,            0.004503,           0.0023691,             0.97169,                   1,               0.995,              0.8955,            0.020022,           0.0043205,          0.00080692,             0.00589,             0.00589,             0.00589
                 139,            0.025055,           0.0049575,           0.0020452,             0.97187,                   1,               0.995,               0.796,            0.018908,           0.0042478,          0.00076664,             0.00586,             0.00586,             0.00586
                 140,            0.024247,           0.0038087,           0.0016908,              0.9714,                   1,               0.995,              0.8955,            0.018059,           0.0041723,          0.00084469,             0.00583,             0.00583,             0.00583
                 141,            0.024268,           0.0041704,           0.0017228,             0.96995,                   1,               0.995,               0.796,            0.019596,           0.0041984,           0.0010335,              0.0058,              0.0058,              0.0058
                 142,            0.023932,           0.0044646,           0.0018249,             0.97027,                   1,               0.995,               0.796,            0.019708,           0.0041556,           0.0010953,             0.00577,             0.00577,             0.00577
                 143,            0.026425,           0.0048222,           0.0017261,             0.97125,                   1,               0.995,               0.796,            0.019702,           0.0039587,           0.0010636,             0.00574,             0.00574,             0.00574
                 144,             0.02657,           0.0045923,           0.0017251,             0.97092,                   1,               0.995,               0.796,            0.019894,           0.0038045,          0.00092857,             0.00571,             0.00571,             0.00571
                 145,            0.025101,           0.0047225,           0.0015639,             0.97058,                   1,               0.995,              0.8955,            0.019951,           0.0037484,            0.000863,             0.00568,             0.00568,             0.00568
                 146,            0.021097,           0.0044101,           0.0015619,             0.96971,                   1,               0.995,              0.8955,              0.0174,           0.0040515,          0.00088108,             0.00565,             0.00565,             0.00565
                 147,             0.02435,           0.0050317,           0.0016222,             0.97027,                   1,               0.995,               0.796,             0.01703,           0.0041122,          0.00084709,             0.00562,             0.00562,             0.00562
                 148,            0.023329,           0.0045409,           0.0017223,             0.97051,                   1,               0.995,              0.8955,            0.015784,           0.0040148,          0.00082272,             0.00559,             0.00559,             0.00559
                 149,            0.024046,           0.0046079,           0.0017324,             0.97042,                   1,               0.995,               0.796,            0.016052,           0.0038552,          0.00073608,             0.00556,             0.00556,             0.00556
                 150,            0.023082,           0.0046457,           0.0023679,             0.97031,                   1,               0.995,               0.796,            0.023219,           0.0037217,          0.00074066,             0.00553,             0.00553,             0.00553
                 151,            0.023925,           0.0044994,           0.0017577,             0.97094,                   1,               0.995,              0.8955,            0.014847,           0.0037584,          0.00076733,              0.0055,              0.0055,              0.0055
                 152,            0.023782,           0.0045323,           0.0019917,             0.97072,                   1,               0.995,              0.8955,            0.015604,           0.0037745,          0.00078003,             0.00547,             0.00547,             0.00547
                 153,            0.022951,           0.0049444,           0.0018404,             0.97077,                   1,               0.995,              0.8955,            0.016848,           0.0038579,          0.00082993,             0.00544,             0.00544,             0.00544
                 154,            0.023008,           0.0042628,           0.0016935,             0.97114,                   1,               0.995,              0.8955,            0.014174,            0.003685,          0.00080715,             0.00541,             0.00541,             0.00541
                 155,            0.025866,           0.0047475,           0.0018114,             0.97127,                   1,               0.995,              0.8955,            0.019294,           0.0036596,          0.00075909,             0.00538,             0.00538,             0.00538
                 156,            0.024545,           0.0043881,           0.0016521,             0.97088,                   1,               0.995,               0.796,            0.017148,           0.0037758,          0.00080452,             0.00535,             0.00535,             0.00535
                 157,            0.024964,            0.004231,           0.0016658,             0.97102,                   1,               0.995,              0.8955,            0.019578,           0.0035315,          0.00074638,             0.00532,             0.00532,             0.00532
                 158,            0.024022,           0.0049531,           0.0018565,             0.97214,                   1,               0.995,              0.8955,            0.019732,           0.0035895,           0.0007156,             0.00529,             0.00529,             0.00529
                 159,            0.023307,           0.0044212,            0.001706,             0.97207,                   1,               0.995,               0.796,            0.018243,           0.0037731,          0.00074661,             0.00526,             0.00526,             0.00526
                 160,            0.023903,            0.004274,            0.001623,             0.97205,                   1,               0.995,               0.796,            0.019645,           0.0037551,          0.00075405,             0.00523,             0.00523,             0.00523
                 161,             0.02251,           0.0044755,           0.0017134,             0.97147,                   1,               0.995,              0.8955,            0.018476,           0.0037538,          0.00085281,              0.0052,              0.0052,              0.0052
                 162,            0.023852,           0.0042997,           0.0015316,             0.97182,                   1,               0.995,              0.8955,            0.014318,           0.0039514,          0.00090866,             0.00517,             0.00517,             0.00517
                 163,            0.023564,           0.0040997,           0.0012813,             0.97212,                   1,               0.995,               0.796,            0.018923,           0.0038879,          0.00098511,             0.00514,             0.00514,             0.00514
                 164,            0.022494,           0.0044192,           0.0015454,             0.97158,                   1,               0.995,               0.796,            0.021731,           0.0038158,          0.00094082,             0.00511,             0.00511,             0.00511
                 165,            0.024422,           0.0046813,           0.0014304,             0.97148,                   1,               0.995,               0.796,             0.01544,           0.0039153,          0.00092926,             0.00508,             0.00508,             0.00508
                 166,            0.020739,           0.0044996,           0.0014678,             0.97215,                   1,               0.995,               0.796,            0.017021,            0.003671,          0.00079868,             0.00505,             0.00505,             0.00505
                 167,            0.023453,           0.0040334,           0.0013198,             0.97129,                   1,               0.995,              0.8955,            0.017471,           0.0036089,          0.00071972,             0.00502,             0.00502,             0.00502
                 168,            0.021664,           0.0041348,           0.0011319,              0.9709,                   1,               0.995,              0.8955,            0.019374,           0.0035849,          0.00067154,             0.00499,             0.00499,             0.00499
                 169,            0.022277,           0.0038887,           0.0015176,             0.97049,                   1,               0.995,              0.8955,            0.024774,           0.0035114,          0.00058216,             0.00496,             0.00496,             0.00496
                 170,            0.023137,           0.0041558,           0.0016781,             0.96974,                   1,               0.995,              0.8955,            0.014892,           0.0035915,          0.00062061,             0.00493,             0.00493,             0.00493
                 171,            0.021017,           0.0041563,           0.0014792,             0.97075,                   1,               0.995,               0.796,            0.020394,           0.0035602,           0.0006356,              0.0049,              0.0049,              0.0049
                 172,            0.023173,           0.0043067,            0.001714,             0.97142,                   1,               0.995,               0.796,            0.015798,            0.003663,           0.0006506,             0.00487,             0.00487,             0.00487
                 173,            0.023517,           0.0043093,           0.0015124,             0.97225,                   1,               0.995,               0.796,            0.018237,           0.0035348,          0.00061203,             0.00484,             0.00484,             0.00484
                 174,            0.021997,           0.0043654,           0.0011974,             0.97262,                   1,               0.995,              0.8955,            0.017391,           0.0034487,          0.00058765,             0.00481,             0.00481,             0.00481
                 175,            0.024012,           0.0047822,           0.0015746,             0.97235,                   1,               0.995,              0.6965,            0.024262,           0.0035935,          0.00058834,             0.00478,             0.00478,             0.00478
                 176,            0.022012,           0.0042028,           0.0017736,              0.9724,                   1,               0.995,              0.6965,            0.016879,           0.0037978,          0.00063114,             0.00475,             0.00475,             0.00475
                 177,            0.023486,            0.004703,           0.0019036,             0.97185,                   1,               0.995,               0.796,            0.017448,           0.0038005,          0.00069191,             0.00472,             0.00472,             0.00472
                 178,               0.023,           0.0039546,            0.001605,             0.97209,                   1,               0.995,              0.8955,             0.01235,           0.0037684,          0.00069077,             0.00469,             0.00469,             0.00469
                 179,            0.021963,           0.0041003,           0.0012186,               0.972,                   1,               0.995,               0.796,            0.015183,           0.0036209,          0.00062462,             0.00466,             0.00466,             0.00466
                 180,            0.020124,           0.0039545,           0.0015032,             0.97214,                   1,               0.995,              0.8955,            0.015733,           0.0035568,          0.00062954,             0.00463,             0.00463,             0.00463
                 181,            0.023232,           0.0039956,           0.0017695,             0.97205,                   1,               0.995,              0.8955,            0.016413,           0.0034367,          0.00067463,              0.0046,              0.0046,              0.0046
                 182,            0.021923,           0.0041793,           0.0017026,             0.97153,                   1,               0.995,               0.796,            0.016256,           0.0036242,          0.00075554,             0.00457,             0.00457,             0.00457
                 183,            0.020715,           0.0044305,           0.0017088,              0.9718,                   1,               0.995,               0.995,           0.0099477,           0.0035522,          0.00072727,             0.00454,             0.00454,             0.00454
                 184,            0.020705,           0.0041603,           0.0016686,             0.97172,                   1,               0.995,               0.995,           0.0096981,           0.0035315,          0.00076904,             0.00451,             0.00451,             0.00451
                 185,            0.022116,           0.0041187,           0.0014426,             0.97092,                   1,               0.995,               0.995,           0.0080323,           0.0035695,          0.00081356,             0.00448,             0.00448,             0.00448
                 186,            0.020141,           0.0044106,           0.0012139,             0.97111,                   1,               0.995,              0.8955,            0.015703,           0.0033659,          0.00077133,             0.00445,             0.00445,             0.00445
                 187,            0.022104,           0.0042509,           0.0016882,             0.97149,                   1,               0.995,              0.8955,              0.0134,           0.0032825,          0.00069557,             0.00442,             0.00442,             0.00442
                 188,            0.021315,           0.0038681,           0.0013099,             0.97206,                   1,               0.995,               0.796,            0.016942,           0.0032825,           0.0006435,             0.00439,             0.00439,             0.00439
                 189,             0.02166,           0.0043613,           0.0013838,             0.97168,                   1,               0.995,              0.8955,            0.016663,           0.0031429,          0.00060036,             0.00436,             0.00436,             0.00436
                 190,            0.019485,           0.0037413,           0.0012288,              0.9725,                   1,               0.995,              0.8955,            0.016152,           0.0030421,          0.00058605,             0.00433,             0.00433,             0.00433
                 191,            0.020676,           0.0036262,           0.0015116,             0.97295,                   1,               0.995,               0.796,            0.013058,           0.0030141,          0.00055492,              0.0043,              0.0043,              0.0043
                 192,             0.02113,           0.0038812,           0.0014372,             0.97293,                   1,               0.995,               0.796,            0.013641,           0.0030061,          0.00058331,             0.00427,             0.00427,             0.00427
                 193,            0.021333,           0.0040487,           0.0014694,             0.97275,                   1,               0.995,               0.796,            0.015172,           0.0031222,          0.00063881,             0.00424,             0.00424,             0.00424
                 194,            0.019098,           0.0041974,           0.0013017,             0.97299,                   1,               0.995,              0.8955,            0.014878,           0.0031523,          0.00067909,             0.00421,             0.00421,             0.00421
                 195,             0.01992,            0.003453,           0.0011084,             0.97258,                   1,               0.995,               0.796,            0.015931,           0.0032297,           0.0006863,             0.00418,             0.00418,             0.00418
                 196,            0.019029,           0.0037676,           0.0015784,             0.97257,                   1,               0.995,               0.796,            0.015923,           0.0032544,          0.00062485,             0.00415,             0.00415,             0.00415
                 197,            0.022277,           0.0044546,           0.0018836,             0.97274,                   1,               0.995,               0.796,            0.015979,           0.0031109,           0.0004945,             0.00412,             0.00412,             0.00412
                 198,             0.02255,           0.0041041,           0.0014177,             0.97311,                   1,               0.995,               0.796,            0.016326,           0.0030955,          0.00044769,             0.00409,             0.00409,             0.00409
                 199,            0.020265,           0.0041506,           0.0012574,             0.97257,                   1,               0.995,               0.796,            0.015723,           0.0031336,          0.00044466,             0.00406,             0.00406,             0.00406
                 200,            0.020096,           0.0040887,           0.0013727,             0.97238,                   1,               0.995,              0.8955,            0.016513,           0.0032764,          0.00045994,             0.00403,             0.00403,             0.00403
                 201,            0.020825,           0.0038687,           0.0014614,             0.97229,                   1,               0.995,              0.8955,            0.015135,           0.0033879,          0.00047882,               0.004,               0.004,               0.004
                 202,            0.019281,           0.0039755,           0.0011883,             0.97161,                   1,               0.995,              0.8955,            0.015657,           0.0034026,          0.00045959,             0.00397,             0.00397,             0.00397
                 203,            0.020054,           0.0040376,          0.00091979,             0.97202,                   1,               0.995,              0.8955,            0.013785,           0.0032457,          0.00043087,             0.00394,             0.00394,             0.00394
                 204,            0.021383,           0.0050132,           0.0017137,             0.97276,                   1,               0.995,              0.8955,            0.016447,           0.0032157,          0.00041124,             0.00391,             0.00391,             0.00391
                 205,            0.019282,           0.0040576,            0.001061,             0.97304,                   1,               0.995,              0.8955,            0.017053,           0.0032598,          0.00043905,             0.00388,             0.00388,             0.00388
                 206,            0.017117,           0.0038501,           0.0010918,             0.97309,                   1,               0.995,              0.8955,            0.014988,           0.0032497,          0.00046875,             0.00385,             0.00385,             0.00385
                 207,            0.021249,           0.0043819,            0.002274,             0.97314,                   1,               0.995,              0.8955,            0.017468,           0.0030501,          0.00047436,             0.00382,             0.00382,             0.00382
                 208,            0.018725,           0.0042827,           0.0011887,             0.97272,                   1,               0.995,              0.8955,            0.012499,           0.0029053,          0.00049862,             0.00379,             0.00379,             0.00379
                 209,            0.020021,           0.0036311,           0.0014543,             0.97275,                   1,               0.995,              0.8955,            0.012865,            0.002727,          0.00051579,             0.00376,             0.00376,             0.00376
                 210,             0.01867,           0.0043457,           0.0012565,             0.97263,                   1,               0.995,              0.8955,            0.018622,           0.0027077,          0.00054222,             0.00373,             0.00373,             0.00373
                 211,            0.019684,           0.0036191,            0.001441,             0.97245,                   1,               0.995,              0.8955,            0.015924,           0.0027417,          0.00056591,              0.0037,              0.0037,              0.0037
                 212,            0.019671,           0.0036929,           0.0013772,             0.97182,                   1,               0.995,              0.8955,            0.014971,           0.0028399,          0.00058147,             0.00367,             0.00367,             0.00367
                 213,            0.018553,           0.0039787,           0.0012181,             0.97064,                   1,               0.995,               0.796,            0.016504,           0.0031583,          0.00061764,             0.00364,             0.00364,             0.00364
                 214,             0.01929,           0.0040582,           0.0013389,              0.9708,                   1,               0.995,              0.8955,            0.016068,           0.0031169,          0.00060883,             0.00361,             0.00361,             0.00361
                 215,            0.020614,           0.0037786,           0.0014571,             0.97156,                   1,               0.995,              0.8955,            0.013384,           0.0030808,          0.00055973,             0.00358,             0.00358,             0.00358
                 216,            0.019849,           0.0040656,           0.0011243,             0.97234,                   1,               0.995,               0.796,             0.01358,           0.0030421,          0.00051001,             0.00355,             0.00355,             0.00355
                 217,            0.020144,           0.0041829,           0.0013294,             0.97248,                   1,               0.995,              0.8955,            0.012572,            0.002938,          0.00047819,             0.00352,             0.00352,             0.00352
                 218,            0.019024,           0.0039207,           0.0012779,             0.97226,                   1,               0.995,               0.796,            0.015123,           0.0029273,          0.00044827,             0.00349,             0.00349,             0.00349
                 219,              0.0206,           0.0040978,           0.0013412,             0.97157,                   1,               0.995,              0.8955,            0.015921,           0.0030228,          0.00046892,             0.00346,             0.00346,             0.00346
                 220,            0.019873,           0.0040332,           0.0014643,              0.9715,                   1,               0.995,               0.796,            0.017696,           0.0030808,          0.00050251,             0.00343,             0.00343,             0.00343
                 221,            0.021443,           0.0043073,           0.0010536,             0.97122,                   1,               0.995,              0.8955,            0.015605,           0.0030782,          0.00052048,              0.0034,              0.0034,              0.0034
                 222,             0.01957,           0.0041003,            0.001169,             0.97167,                   1,               0.995,               0.796,            0.015366,           0.0030254,          0.00050154,             0.00337,             0.00337,             0.00337
                 223,            0.020195,            0.003683,           0.0014552,              0.9726,                   1,               0.995,              0.8955,            0.016573,           0.0028031,           0.0004454,             0.00334,             0.00334,             0.00334
                 224,            0.017128,           0.0039651,          0.00083306,             0.97288,                   1,               0.995,              0.8955,            0.013726,           0.0026963,          0.00038984,             0.00331,             0.00331,             0.00331
                 225,            0.018378,           0.0033277,           0.0010908,             0.97298,                   1,               0.995,              0.8955,            0.013635,           0.0026723,          0.00034143,             0.00328,             0.00328,             0.00328
                 226,            0.017642,           0.0039283,           0.0010389,             0.97327,                   1,               0.995,              0.8955,            0.015665,           0.0026175,           0.0003154,             0.00325,             0.00325,             0.00325
                 227,            0.019708,           0.0041191,          0.00090418,             0.97305,                   1,               0.995,              0.8955,            0.014056,           0.0026636,          0.00034086,             0.00322,             0.00322,             0.00322
                 228,            0.018359,             0.00395,          0.00076302,             0.97286,                   1,               0.995,              0.8955,            0.015182,            0.002717,          0.00037022,             0.00319,             0.00319,             0.00319
                 229,            0.020063,           0.0045208,           0.0011907,             0.97248,                   1,               0.995,              0.8955,            0.015599,           0.0026623,          0.00038618,             0.00316,             0.00316,             0.00316
                 230,            0.017705,           0.0041732,          0.00093915,             0.97233,                   1,               0.995,              0.8955,            0.014336,           0.0026082,          0.00039516,             0.00313,             0.00313,             0.00313
                 231,            0.017575,           0.0037822,           0.0011318,             0.97309,                   1,               0.995,               0.796,            0.014479,           0.0026416,          0.00037365,              0.0031,              0.0031,              0.0031
                 232,            0.018564,           0.0038921,           0.0017035,             0.97287,                   1,               0.995,               0.796,            0.015504,           0.0027577,          0.00036283,             0.00307,             0.00307,             0.00307
                 233,            0.018616,           0.0036699,          0.00089297,             0.97291,                   1,               0.995,               0.796,            0.017838,            0.002695,          0.00037577,             0.00304,             0.00304,             0.00304
                 234,             0.01926,           0.0033543,           0.0011392,             0.97286,                   1,               0.995,               0.796,            0.017411,           0.0027544,          0.00040346,             0.00301,             0.00301,             0.00301
                 235,            0.018994,           0.0039917,           0.0013595,             0.97334,                   1,               0.995,              0.8955,            0.018692,           0.0026803,          0.00039064,             0.00298,             0.00298,             0.00298
                 236,            0.018337,           0.0039148,          0.00093554,             0.97327,                   1,               0.995,               0.796,            0.017098,           0.0027424,          0.00036896,             0.00295,             0.00295,             0.00295
                 237,            0.018993,           0.0037734,          0.00096352,             0.97326,                   1,               0.995,               0.796,            0.015484,           0.0026115,          0.00034664,             0.00292,             0.00292,             0.00292
                 238,            0.016759,           0.0038413,            0.001137,             0.97324,                   1,               0.995,               0.796,            0.018364,           0.0026937,          0.00032845,             0.00289,             0.00289,             0.00289
                 239,            0.017621,           0.0038416,           0.0011278,              0.9733,                   1,               0.995,               0.796,            0.017989,           0.0026609,            0.000338,             0.00286,             0.00286,             0.00286
                 240,             0.01634,           0.0037822,           0.0010197,             0.97347,                   1,               0.995,              0.8955,             0.01589,           0.0025902,          0.00034681,             0.00283,             0.00283,             0.00283
                 241,            0.019508,           0.0044426,           0.0010076,             0.97298,                   1,               0.995,              0.8955,            0.014484,           0.0026256,          0.00036346,              0.0028,              0.0028,              0.0028
                 242,            0.019137,           0.0029417,          0.00070459,             0.97308,                   1,               0.995,              0.8955,            0.019591,           0.0026676,          0.00038692,             0.00277,             0.00277,             0.00277
                 243,            0.016159,           0.0034664,          0.00080411,             0.97272,                   1,               0.995,               0.796,            0.019074,            0.002711,          0.00040529,             0.00274,             0.00274,             0.00274
                 244,            0.016502,           0.0036322,          0.00090324,             0.97314,                   1,               0.995,               0.796,            0.018327,            0.002729,          0.00039688,             0.00271,             0.00271,             0.00271
                 245,            0.018824,           0.0039937,           0.0009975,              0.9729,                   1,               0.995,              0.8955,            0.015989,           0.0026336,          0.00037846,             0.00268,             0.00268,             0.00268
                 246,            0.016861,           0.0041124,          0.00082964,              0.9731,                   1,               0.995,              0.8955,            0.015157,           0.0026422,             0.00034,             0.00265,             0.00265,             0.00265
                 247,            0.017397,           0.0033335,           0.0011812,             0.97321,                   1,               0.995,              0.8955,            0.013989,            0.002459,          0.00031763,             0.00262,             0.00262,             0.00262
                 248,            0.017398,           0.0033752,          0.00090599,             0.97308,                   1,               0.995,              0.8955,            0.015538,           0.0026062,          0.00032295,             0.00259,             0.00259,             0.00259
                 249,            0.017902,           0.0036486,          0.00079836,             0.97319,                   1,               0.995,               0.796,            0.017257,           0.0026276,           0.0003487,             0.00256,             0.00256,             0.00256
                 250,            0.019099,           0.0043674,           0.0011821,             0.97295,                   1,               0.995,              0.8955,            0.015564,           0.0025808,          0.00036673,             0.00253,             0.00253,             0.00253
                 251,            0.016566,           0.0035296,          0.00084506,             0.97315,                   1,               0.995,              0.8955,            0.014339,           0.0024974,          0.00037485,              0.0025,              0.0025,              0.0025
                 252,            0.017007,           0.0037993,          0.00095125,             0.97281,                   1,               0.995,              0.8955,            0.014575,           0.0024553,          0.00036604,             0.00247,             0.00247,             0.00247
                 253,            0.017177,           0.0032948,          0.00087112,             0.97297,                   1,               0.995,              0.8955,            0.015406,            0.002468,          0.00037851,             0.00244,             0.00244,             0.00244
                 254,            0.016761,           0.0035228,          0.00086163,             0.97338,                   1,               0.995,              0.8955,            0.016794,           0.0025394,          0.00036283,             0.00241,             0.00241,             0.00241
                 255,            0.017832,           0.0034577,           0.0010693,             0.97338,                   1,               0.995,              0.8955,            0.015451,           0.0025181,          0.00036163,             0.00238,             0.00238,             0.00238
                 256,             0.01374,           0.0032277,          0.00071243,             0.97309,                   1,               0.995,              0.8955,            0.016379,            0.002488,          0.00035076,             0.00235,             0.00235,             0.00235
                 257,             0.01886,           0.0033076,           0.0011657,             0.97301,                   1,               0.995,              0.8955,            0.014702,           0.0024366,          0.00034527,             0.00232,             0.00232,             0.00232
                 258,            0.016569,            0.003502,          0.00090922,             0.97326,                   1,               0.995,              0.8955,            0.014138,             0.00245,          0.00033806,             0.00229,             0.00229,             0.00229
                 259,            0.017126,           0.0042974,          0.00067138,             0.97318,                   1,               0.995,              0.8955,            0.018092,           0.0024994,          0.00031843,             0.00226,             0.00226,             0.00226
                 260,             0.01576,           0.0035874,          0.00085883,             0.97351,                   1,               0.995,              0.8955,            0.014785,           0.0024854,          0.00031277,             0.00223,             0.00223,             0.00223
                 261,            0.017097,           0.0029313,          0.00089157,             0.97359,                   1,               0.995,              0.8955,            0.014909,             0.00244,          0.00029989,              0.0022,              0.0022,              0.0022
                 262,            0.015865,            0.003435,          0.00078105,             0.97328,                   1,               0.995,              0.8955,            0.012972,           0.0023872,          0.00029634,             0.00217,             0.00217,             0.00217
                 263,            0.018819,           0.0036381,           0.0011326,             0.97332,                   1,               0.995,              0.8955,            0.014823,           0.0023846,          0.00029749,             0.00214,             0.00214,             0.00214
                 264,            0.016853,           0.0037522,          0.00062118,             0.97344,                   1,               0.995,              0.8955,            0.012454,           0.0024113,          0.00029629,             0.00211,             0.00211,             0.00211
                 265,            0.016763,           0.0036713,          0.00094863,             0.97318,                   1,               0.995,              0.8955,             0.01232,           0.0023752,          0.00029194,             0.00208,             0.00208,             0.00208
                 266,            0.017396,           0.0036401,          0.00080287,             0.97325,                   1,               0.995,              0.8955,            0.012642,           0.0022854,          0.00028553,             0.00205,             0.00205,             0.00205
                 267,             0.01537,           0.0034525,          0.00074902,             0.97329,                   1,               0.995,              0.8955,            0.015452,           0.0023766,          0.00027054,             0.00202,             0.00202,             0.00202
                 268,            0.018157,           0.0034589,           0.0013934,             0.97328,                   1,               0.995,              0.8955,            0.015638,           0.0023405,          0.00027094,             0.00199,             0.00199,             0.00199
                 269,            0.016464,           0.0040328,           0.0013129,             0.97351,                   1,               0.995,              0.8955,            0.015854,           0.0023105,          0.00027626,             0.00196,             0.00196,             0.00196
                 270,            0.017828,           0.0035119,            0.001304,             0.97331,                   1,               0.995,               0.796,            0.018134,           0.0023018,          0.00026327,             0.00193,             0.00193,             0.00193
                 271,            0.015255,           0.0039069,             0.00083,             0.97327,                   1,               0.995,               0.796,            0.014313,           0.0022624,          0.00026722,              0.0019,              0.0019,              0.0019
                 272,            0.015971,           0.0034614,           0.0007269,             0.97355,                   1,               0.995,              0.8955,            0.016853,           0.0023265,          0.00026321,             0.00187,             0.00187,             0.00187
                 273,            0.015738,           0.0038511,           0.0010322,             0.97356,                   1,               0.995,              0.8955,             0.01754,            0.002225,          0.00025678,             0.00184,             0.00184,             0.00184
                 274,            0.015365,           0.0032066,          0.00080207,              0.9734,                   1,               0.995,              0.8955,            0.013835,           0.0022477,          0.00025678,             0.00181,             0.00181,             0.00181
                 275,            0.015317,           0.0034295,          0.00068065,             0.97369,                   1,               0.995,              0.8955,            0.017267,           0.0022384,          0.00025397,             0.00178,             0.00178,             0.00178
                 276,            0.017297,           0.0037112,           0.0010746,             0.97369,                   1,               0.995,               0.796,            0.016676,           0.0022784,          0.00025317,             0.00175,             0.00175,             0.00175
                 277,            0.018012,           0.0031723,           0.0010296,             0.97321,                   1,               0.995,               0.796,            0.016138,           0.0022491,          0.00026161,             0.00172,             0.00172,             0.00172
                 278,            0.017167,           0.0034376,          0.00086607,             0.97325,                   1,               0.995,               0.796,            0.017376,           0.0023145,          0.00027575,             0.00169,             0.00169,             0.00169
                 279,            0.016659,           0.0039611,          0.00082272,             0.97346,                   1,               0.995,               0.796,            0.016804,           0.0023392,          0.00029148,             0.00166,             0.00166,             0.00166
                 280,            0.016929,           0.0038093,           0.0011714,             0.97334,                   1,               0.995,               0.796,            0.015372,           0.0023806,          0.00030722,             0.00163,             0.00163,             0.00163
                 281,            0.015353,            0.003352,          0.00064078,              0.9733,                   1,               0.995,              0.8955,            0.013318,           0.0022624,          0.00031963,              0.0016,              0.0016,              0.0016
                 282,            0.015538,           0.0037737,          0.00086409,             0.97334,                   1,               0.995,               0.796,            0.015546,           0.0023305,          0.00031809,             0.00157,             0.00157,             0.00157
                 283,             0.01525,           0.0032755,           0.0007839,             0.97358,                   1,               0.995,              0.8955,            0.014818,           0.0022751,          0.00031809,             0.00154,             0.00154,             0.00154
                 284,            0.016389,           0.0038448,          0.00070665,             0.97357,                   1,               0.995,              0.8955,            0.014973,           0.0022484,          0.00031694,             0.00151,             0.00151,             0.00151
                 285,            0.016445,           0.0039527,          0.00087761,             0.97337,                   1,               0.995,              0.8955,            0.015924,            0.002209,          0.00029995,             0.00148,             0.00148,             0.00148
